1,c:\temp\images\section1\Image_Left_20240318_192946.bmp,c:\temp\images\section1\Image_Right_20240318_192946.bmp,,
2,c:\temp\images\section1\Image_Left_20240318_195743.bmp,c:\temp\images\section1\Image_Right_20240318_195743.bmp,,
3,c:\temp\images\section1\Image_Left_20240318_231608.bmp,c:\temp\images\section1\Image_Right_20240318_231608.bmp,,
4,c:\temp\images\section1\Image_Left_20240318_233721.bmp,c:\temp\images\section1\Image_Right_20240318_233721.bmp,,
5,c:\temp\images\section1\Image_Left_20240318_234127.bmp,c:\temp\images\section1\Image_Right_20240318_234127.bmp,,
6,c:\temp\images\section1\Image_Left_20240318_234238.bmp,c:\temp\images\section1\Image_Right_20240318_234238.bmp,,
7,c:\temp\images\section1\Image_Left_20240318_234941.bmp,c:\temp\images\section1\Image_Right_20240318_234941.bmp,,
8,c:\temp\images\section1\Image_Left_20240318_235151.bmp,c:\temp\images\section1\Image_Right_20240318_235151.bmp,,
9,c:\temp\images\section1\Image_Left_20240319_090956.bmp,c:\temp\images\section1\Image_Right_20240319_090956.bmp,,
10,c:\temp\images\section1\Image_Left_20240319_094050.bmp,c:\temp\images\section1\Image_Right_20240319_094050.bmp,,
11,c:\temp\images\section1\Image_Left_20240319_094354.bmp,c:\temp\images\section1\Image_Right_20240319_094354.bmp,,
12,c:\temp\images\section1\Image_Left_20240319_094400.bmp,c:\temp\images\section1\Image_Right_20240319_094400.bmp,,
13,c:\temp\images\section1\Image_Left_20240319_125919.bmp,c:\temp\images\section1\Image_Right_20240319_125919.bmp,,
14,c:\temp\images\section1\Image_Left_20240319_130127.bmp,c:\temp\images\section1\Image_Right_20240319_130127.bmp,03/19 13:01:41,トリガー計測(計算停止中)
15,c:\temp\images\section1\Image_Left_20240319_130338.bmp,c:\temp\images\section1\Image_Right_20240319_130338.bmp,03/19 13:03:52,トリガー計測(計算停止中)
16,c:\temp\images\section1\Image_Left_20240319_130621.bmp,c:\temp\images\section1\Image_Right_20240319_130621.bmp,03/19 13:06:35,トリガー計測(計算停止中)
17,c:\temp\images\section1\Image_Left_20240319_130913.bmp,c:\temp\images\section1\Image_Right_20240319_130913.bmp,03/19 13:09:27,トリガー計測(計算停止中)
18,c:\temp\images\section1\Image_Left_20240319_132117.bmp,c:\temp\images\section1\Image_Right_20240319_132117.bmp,03/19 13:21:31,トリガー計測(計算停止中)
19,c:\temp\images\section1\Image_Left_20240319_135623.bmp,c:\temp\images\section1\Image_Right_20240319_135623.bmp,03/19 13:56:37,トリガー計測
20,c:\temp\images\section1\Image_Left_20240319_140037.bmp,c:\temp\images\section1\Image_Right_20240319_140037.bmp,03/19 14:00:51,掘進終了
21,c:\temp\images\section1\Image_Left_20240319_150559.bmp,c:\temp\images\section1\Image_Right_20240319_150559.bmp,03/19 15:06:13,掘進開始(計算停止中)
22,c:\temp\images\section1\Image_Left_20240319_150605.bmp,c:\temp\images\section1\Image_Right_20240319_150605.bmp,,
23,c:\temp\images\section1\Image_Left_20240319_150841.bmp,c:\temp\images\section1\Image_Right_20240319_150841.bmp,03/19 15:08:55,トリガー計測
24,c:\temp\images\section1\Image_Left_20240319_151133.bmp,c:\temp\images\section1\Image_Right_20240319_151133.bmp,03/19 15:11:47,トリガー計測
25,c:\temp\images\section1\Image_Left_20240319_151504.bmp,c:\temp\images\section1\Image_Right_20240319_151504.bmp,03/19 15:15:18,トリガー計測
26,c:\temp\images\section1\Image_Left_20240319_151823.bmp,c:\temp\images\section1\Image_Right_20240319_151823.bmp,03/19 15:18:37,トリガー計測
27,c:\temp\images\section1\Image_Left_20240319_152143.bmp,c:\temp\images\section1\Image_Right_20240319_152143.bmp,03/19 15:21:57,トリガー計測
28,c:\temp\images\section1\Image_Left_20240319_160502.bmp,c:\temp\images\section1\Image_Right_20240319_160502.bmp,03/19 16:05:16,トリガー計測
29,c:\temp\images\section1\Image_Left_20240319_160820.bmp,c:\temp\images\section1\Image_Right_20240319_160820.bmp,03/19 16:08:34,掘進終了
30,c:\temp\images\section1\Image_Left_20240319_181402.bmp,c:\temp\images\section1\Image_Right_20240319_181402.bmp,,
31,c:\temp\images\section1\Image_Left_20240319_183218.bmp,c:\temp\images\section1\Image_Right_20240319_183218.bmp,,
32,c:\temp\images\section1\Image_Left_20240320_095134.bmp,c:\temp\images\section1\Image_Right_20240320_095134.bmp,03/20 09:51:37,掘進開始
33,c:\temp\images\section1\Image_Left_20240320_095351.bmp,c:\temp\images\section1\Image_Right_20240320_095351.bmp,03/20 09:53:54,トリガー計測(計算停止中)
34,c:\temp\images\section1\Image_Left_20240320_095403.bmp,c:\temp\images\section1\Image_Right_20240320_095403.bmp,03/20 09:56:03,トリガー計測(計算停止中)
35,c:\temp\images\section1\Image_Left_20240320_095600.bmp,c:\temp\images\section1\Image_Right_20240320_095600.bmp,03/20 09:58:33,トリガー計測(計算停止中)
36,c:\temp\images\section1\Image_Left_20240320_095830.bmp,c:\temp\images\section1\Image_Right_20240320_095830.bmp,03/20 10:00:59,トリガー計測(計算停止中)
37,c:\temp\images\section1\Image_Left_20240320_100056.bmp,c:\temp\images\section1\Image_Right_20240320_100056.bmp,,
38,c:\temp\images\section1\Image_Left_20240320_100102.bmp,c:\temp\images\section1\Image_Right_20240320_100102.bmp,,
39,c:\temp\images\section1\Image_Left_20240320_100328.bmp,c:\temp\images\section1\Image_Right_20240320_100328.bmp,03/20 10:03:32,トリガー計測(計算停止中)
40,c:\temp\images\section1\Image_Left_20240320_104113.bmp,c:\temp\images\section1\Image_Right_20240320_104113.bmp,03/20 10:41:16,トリガー計測(計算停止中)
41,c:\temp\images\section1\Image_Left_20240320_104411.bmp,c:\temp\images\section1\Image_Right_20240320_104411.bmp,03/20 10:44:15,掘進終了(計算停止中)
42,c:\temp\images\section1\Image_Left_20240320_145806.bmp,c:\temp\images\section1\Image_Right_20240320_145806.bmp,03/20 14:58:09,掘進開始(計算停止中)
43,c:\temp\images\section1\Image_Left_20240320_150031.bmp,c:\temp\images\section1\Image_Right_20240320_150031.bmp,03/20 15:00:34,トリガー計測(計算停止中)
44,c:\temp\images\section1\Image_Left_20240320_150257.bmp,c:\temp\images\section1\Image_Right_20240320_150257.bmp,03/20 15:03:00,トリガー計測(計算停止中)
45,c:\temp\images\section1\Image_Left_20240320_150303.bmp,c:\temp\images\section1\Image_Right_20240320_150303.bmp,,
46,c:\temp\images\section1\Image_Left_20240320_150622.bmp,c:\temp\images\section1\Image_Right_20240320_150622.bmp,03/20 15:06:25,トリガー計測(計算停止中)
47,c:\temp\images\section1\Image_Left_20240320_150915.bmp,c:\temp\images\section1\Image_Right_20240320_150915.bmp,03/20 15:09:18,トリガー計測(計算停止中)
48,c:\temp\images\section1\Image_Left_20240320_151212.bmp,c:\temp\images\section1\Image_Right_20240320_151212.bmp,03/20 15:12:16,トリガー計測(計算停止中)
49,c:\temp\images\section1\Image_Left_20240320_161633.bmp,c:\temp\images\section1\Image_Right_20240320_161633.bmp,03/20 16:16:36,トリガー計測(計算停止中)
50,c:\temp\images\section1\Image_Left_20240320_162158.bmp,c:\temp\images\section1\Image_Right_20240320_162158.bmp,,
51,c:\temp\images\section1\Image_Left_20240320_162204.bmp,c:\temp\images\section1\Image_Right_20240320_162204.bmp,03/20 16:22:01,掘進終了(計算停止中)
52,c:\temp\images\section1\Image_Left_20240320_162310.bmp,c:\temp\images\section1\Image_Right_20240320_162310.bmp,,
53,c:\temp\images\section1\Image_Left_20240320_181502.bmp,c:\temp\images\section1\Image_Right_20240320_181502.bmp,,
54,c:\temp\images\section1\Image_Left_20240321_113146.bmp,c:\temp\images\section1\Image_Right_20240321_113146.bmp,03/21 11:31:49,掘進開始
55,c:\temp\images\section1\Image_Left_20240321_113531.bmp,c:\temp\images\section1\Image_Right_20240321_113531.bmp,03/21 11:35:34,トリガー計測(計算停止中)
56,c:\temp\images\section1\Image_Left_20240321_113856.bmp,c:\temp\images\section1\Image_Right_20240321_113856.bmp,03/21 11:38:59,トリガー計測(計算停止中)
57,c:\temp\images\section1\Image_Left_20240321_113902.bmp,c:\temp\images\section1\Image_Right_20240321_113902.bmp,,
58,c:\temp\images\section1\Image_Left_20240321_114256.bmp,c:\temp\images\section1\Image_Right_20240321_114256.bmp,03/21 11:42:57,トリガー計測
59,c:\temp\images\section1\Image_Left_20240321_114647.bmp,c:\temp\images\section1\Image_Right_20240321_114647.bmp,03/21 11:46:47,トリガー計測
60,c:\temp\images\section1\Image_Left_20240321_115033.bmp,c:\temp\images\section1\Image_Right_20240321_115033.bmp,03/21 11:50:33,トリガー計測
61,c:\temp\images\section1\Image_Left_20240321_123115.bmp,c:\temp\images\section1\Image_Right_20240321_123115.bmp,03/21 12:31:18,トリガー計測(計算停止中)
62,c:\temp\images\section1\Image_Left_20240321_123604.bmp,c:\temp\images\section1\Image_Right_20240321_123604.bmp,03/21 12:36:07,掘進終了(計算停止中)
63,c:\temp\images\section1\Image_Left_20240321_142409.bmp,c:\temp\images\section1\Image_Right_20240321_142409.bmp,03/21 14:24:10,掘進開始
64,c:\temp\images\section1\Image_Left_20240321_142638.bmp,c:\temp\images\section1\Image_Right_20240321_142638.bmp,03/21 14:26:41,トリガー計測(計算停止中)
65,c:\temp\images\section1\Image_Left_20240321_142926.bmp,c:\temp\images\section1\Image_Right_20240321_142926.bmp,03/21 14:29:28,トリガー計測(計算停止中)
66,c:\temp\images\section1\Image_Left_20240321_153041.bmp,c:\temp\images\section1\Image_Right_20240321_153041.bmp,03/21 15:30:41,トリガー計測
67,c:\temp\images\section1\Image_Left_20240321_153452.bmp,c:\temp\images\section1\Image_Right_20240321_153452.bmp,03/21 15:34:52,トリガー計測
68,c:\temp\images\section1\Image_Left_20240321_153839.bmp,c:\temp\images\section1\Image_Right_20240321_153839.bmp,03/21 15:38:39,トリガー計測
69,c:\temp\images\section1\Image_Left_20240321_161125.bmp,c:\temp\images\section1\Image_Right_20240321_161125.bmp,03/21 16:11:28,トリガー計測
70,c:\temp\images\section1\Image_Left_20240321_161444.bmp,c:\temp\images\section1\Image_Right_20240321_161444.bmp,03/21 16:14:47,掘進終了
71,c:\temp\images\section1\Image_Left_20240321_175053.bmp,c:\temp\images\section1\Image_Right_20240321_175053.bmp,,
72,c:\temp\images\section1\Image_Left_20240321_175059.bmp,c:\temp\images\section1\Image_Right_20240321_175059.bmp,,
73,c:\temp\images\section1\Image_Left_20240321_181612.bmp,c:\temp\images\section1\Image_Right_20240321_181612.bmp,,
74,c:\temp\images\section1\Image_Left_20240322_101358.bmp,c:\temp\images\section1\Image_Right_20240322_101358.bmp,03/22 10:14:00,掘進開始
75,c:\temp\images\section1\Image_Left_20240322_101404.bmp,c:\temp\images\section1\Image_Right_20240322_101404.bmp,,
76,c:\temp\images\section1\Image_Left_20240322_101632.bmp,c:\temp\images\section1\Image_Right_20240322_101632.bmp,03/22 10:16:35,トリガー計測(計算停止中)
77,c:\temp\images\section1\Image_Left_20240322_101905.bmp,c:\temp\images\section1\Image_Right_20240322_101905.bmp,03/22 10:19:08,トリガー計測(計算停止中)
78,c:\temp\images\section1\Image_Left_20240322_113352.bmp,c:\temp\images\section1\Image_Right_20240322_113352.bmp,03/22 11:33:55,トリガー計測(計算停止中)
79,c:\temp\images\section1\Image_Left_20240322_113404.bmp,c:\temp\images\section1\Image_Right_20240322_113404.bmp,,
80,c:\temp\images\section1\Image_Left_20240322_113705.bmp,c:\temp\images\section1\Image_Right_20240322_113705.bmp,03/22 11:37:08,トリガー計測(計算停止中)
81,c:\temp\images\section1\Image_Left_20240322_114012.bmp,c:\temp\images\section1\Image_Right_20240322_114012.bmp,03/22 11:40:15,トリガー計測(計算停止中)
82,c:\temp\images\section1\Image_Left_20240322_123549.bmp,c:\temp\images\section1\Image_Right_20240322_123549.bmp,03/22 12:35:52,トリガー計測(計算停止中)
83,c:\temp\images\section1\Image_Left_20240322_123601.bmp,c:\temp\images\section1\Image_Right_20240322_123601.bmp,03/22 14:54:59,掘進開始(計算停止中)
84,c:\temp\images\section1\Image_Left_20240322_123831.bmp,c:\temp\images\section1\Image_Right_20240322_123831.bmp,03/22 14:57:36,トリガー計測(計算停止中)
85,c:\temp\images\section1\Image_Left_20240322_145457.bmp,c:\temp\images\section1\Image_Right_20240322_145457.bmp,03/22 15:05:16,トリガー計測(計算停止中)
86,c:\temp\images\section1\Image_Left_20240322_145503.bmp,c:\temp\images\section1\Image_Right_20240322_145503.bmp,03/22 15:08:09,トリガー計測
87,c:\temp\images\section1\Image_Left_20240322_145734.bmp,c:\temp\images\section1\Image_Right_20240322_145734.bmp,03/22 15:10:42,トリガー計測
88,c:\temp\images\section1\Image_Left_20240322_150514.bmp,c:\temp\images\section1\Image_Right_20240322_150514.bmp,03/22 15:13:07,トリガー計測
89,c:\temp\images\section1\Image_Left_20240322_150809.bmp,c:\temp\images\section1\Image_Right_20240322_150809.bmp,03/22 15:47:29,トリガー計測(計算停止中)
90,c:\temp\images\section1\Image_Left_20240322_151042.bmp,c:\temp\images\section1\Image_Right_20240322_151042.bmp,03/22 15:50:18,掘進終了(計算停止中)
91,c:\temp\images\section1\Image_Left_20240322_151307.bmp,c:\temp\images\section1\Image_Right_20240322_151307.bmp,03/23 10:31:10,掘進開始
92,c:\temp\images\section1\Image_Left_20240322_154727.bmp,c:\temp\images\section1\Image_Right_20240322_154727.bmp,03/23 10:33:58,トリガー計測(計算停止中)
93,c:\temp\images\section1\Image_Left_20240322_155016.bmp,c:\temp\images\section1\Image_Right_20240322_155016.bmp,03/23 10:36:49,トリガー計測(計算停止中)
94,c:\temp\images\section1\Image_Left_20240322_185357.bmp,c:\temp\images\section1\Image_Right_20240322_185357.bmp,03/23 10:39:37,トリガー計測
95,c:\temp\images\section1\Image_Left_20240322_185404.bmp,c:\temp\images\section1\Image_Right_20240322_185404.bmp,03/23 10:42:26,トリガー計測
96,c:\temp\images\section1\Image_Left_20240323_103107.bmp,c:\temp\images\section1\Image_Right_20240323_103107.bmp,03/23 10:45:10,トリガー計測
97,c:\temp\images\section1\Image_Left_20240323_103355.bmp,c:\temp\images\section1\Image_Right_20240323_103355.bmp,03/23 11:33:36,トリガー計測(計算停止中)
98,c:\temp\images\section1\Image_Left_20240323_103401.bmp,c:\temp\images\section1\Image_Right_20240323_103401.bmp,03/23 11:37:17,掘進終了(計算停止中)
99,c:\temp\images\section1\Image_Left_20240323_103646.bmp,c:\temp\images\section1\Image_Right_20240323_103646.bmp,03/23 13:22:47,掘進開始(計算停止中)
100,c:\temp\images\section1\Image_Left_20240323_103937.bmp,c:\temp\images\section1\Image_Right_20240323_103937.bmp,03/23 13:26:02,トリガー計測(計算停止中)
101,c:\temp\images\section1\Image_Left_20240323_104225.bmp,c:\temp\images\section1\Image_Right_20240323_104225.bmp,03/23 13:29:39,トリガー計測(計算停止中)
102,c:\temp\images\section1\Image_Left_20240323_104510.bmp,c:\temp\images\section1\Image_Right_20240323_104510.bmp,03/23 13:32:26,トリガー計測
103,c:\temp\images\section1\Image_Left_20240323_113333.bmp,c:\temp\images\section1\Image_Right_20240323_113333.bmp,03/23 13:35:18,トリガー計測
104,c:\temp\images\section1\Image_Left_20240323_113714.bmp,c:\temp\images\section1\Image_Right_20240323_113714.bmp,03/23 13:38:09,トリガー計測
105,c:\temp\images\section1\Image_Left_20240323_132244.bmp,c:\temp\images\section1\Image_Right_20240323_132244.bmp,03/23 14:24:22,トリガー計測
106,c:\temp\images\section1\Image_Left_20240323_132559.bmp,c:\temp\images\section1\Image_Right_20240323_132559.bmp,03/23 14:28:03,掘進終了(計算停止中)
107,c:\temp\images\section1\Image_Left_20240323_132605.bmp,c:\temp\images\section1\Image_Right_20240323_132605.bmp,03/25 11:19:30,掘進開始(計算停止中)
108,c:\temp\images\section1\Image_Left_20240323_132936.bmp,c:\temp\images\section1\Image_Right_20240323_132936.bmp,03/25 11:21:57,トリガー計測(計算停止中)
109,c:\temp\images\section1\Image_Left_20240323_133226.bmp,c:\temp\images\section1\Image_Right_20240323_133226.bmp,03/25 11:24:19,トリガー計測(計算停止中)
110,c:\temp\images\section1\Image_Left_20240323_133517.bmp,c:\temp\images\section1\Image_Right_20240323_133517.bmp,03/25 11:27:05,トリガー計測
111,c:\temp\images\section1\Image_Left_20240323_133809.bmp,c:\temp\images\section1\Image_Right_20240323_133809.bmp,03/25 11:29:16,トリガー計測
112,c:\temp\images\section1\Image_Left_20240323_142422.bmp,c:\temp\images\section1\Image_Right_20240323_142422.bmp,03/25 11:31:22,トリガー計測
113,c:\temp\images\section1\Image_Left_20240323_142800.bmp,c:\temp\images\section1\Image_Right_20240323_142800.bmp,03/25 12:02:51,トリガー計測(計算停止中)
114,c:\temp\images\section1\Image_Left_20240325_111927.bmp,c:\temp\images\section1\Image_Right_20240325_111927.bmp,03/25 12:05:41,掘進終了(計算停止中)
115,c:\temp\images\section1\Image_Left_20240325_112154.bmp,c:\temp\images\section1\Image_Right_20240325_112154.bmp,03/25 14:47:53,掘進開始(計算停止中)
116,c:\temp\images\section1\Image_Left_20240325_112205.bmp,c:\temp\images\section1\Image_Right_20240325_112205.bmp,03/25 14:50:19,トリガー計測(計算停止中)
117,c:\temp\images\section1\Image_Left_20240325_112416.bmp,c:\temp\images\section1\Image_Right_20240325_112416.bmp,03/25 14:52:15,トリガー計測
118,c:\temp\images\section1\Image_Left_20240325_112704.bmp,c:\temp\images\section1\Image_Right_20240325_112704.bmp,03/25 14:54:38,トリガー計測
119,c:\temp\images\section1\Image_Left_20240325_112916.bmp,c:\temp\images\section1\Image_Right_20240325_112916.bmp,03/25 14:56:46,トリガー計測
120,c:\temp\images\section1\Image_Left_20240325_113122.bmp,c:\temp\images\section1\Image_Right_20240325_113122.bmp,03/25 14:58:50,トリガー計測
121,c:\temp\images\section1\Image_Left_20240325_120248.bmp,c:\temp\images\section1\Image_Right_20240325_120248.bmp,03/25 15:20:59,トリガー計測(計算停止中)
122,c:\temp\images\section1\Image_Left_20240325_120300.bmp,c:\temp\images\section1\Image_Right_20240325_120300.bmp,03/25 15:23:16,掘進終了(計算停止中)
123,c:\temp\images\section1\Image_Left_20240325_120538.bmp,c:\temp\images\section1\Image_Right_20240325_120538.bmp,03/26 11:18:28,掘進開始
124,c:\temp\images\section1\Image_Left_20240325_144750.bmp,c:\temp\images\section1\Image_Right_20240325_144750.bmp,03/26 11:20:43,トリガー計測
125,c:\temp\images\section1\Image_Left_20240325_144802.bmp,c:\temp\images\section1\Image_Right_20240325_144802.bmp,03/26 11:26:35,トリガー計測
126,c:\temp\images\section1\Image_Left_20240325_145016.bmp,c:\temp\images\section1\Image_Right_20240325_145016.bmp,03/26 11:34:12,トリガー計測
127,c:\temp\images\section1\Image_Left_20240325_145215.bmp,c:\temp\images\section1\Image_Right_20240325_145215.bmp,03/26 11:42:10,トリガー計測
128,c:\temp\images\section1\Image_Left_20240325_145438.bmp,c:\temp\images\section1\Image_Right_20240325_145438.bmp,03/26 11:50:41,トリガー計測
129,c:\temp\images\section1\Image_Left_20240325_145645.bmp,c:\temp\images\section1\Image_Right_20240325_145645.bmp,03/26 11:52:58,トリガー計測
130,c:\temp\images\section1\Image_Left_20240325_145849.bmp,c:\temp\images\section1\Image_Right_20240325_145849.bmp,03/26 13:35:48,掘進開始
131,c:\temp\images\section1\Image_Left_20240325_152056.bmp,c:\temp\images\section1\Image_Right_20240325_152056.bmp,03/26 13:38:04,トリガー計測
132,c:\temp\images\section1\Image_Left_20240325_152102.bmp,c:\temp\images\section1\Image_Right_20240325_152102.bmp,03/26 13:44:30,トリガー計測
133,c:\temp\images\section1\Image_Left_20240325_152313.bmp,c:\temp\images\section1\Image_Right_20240325_152313.bmp,03/26 13:52:04,トリガー計測(計算停止中)
134,c:\temp\images\section1\Image_Left_20240325_180754.bmp,c:\temp\images\section1\Image_Right_20240325_180754.bmp,03/26 13:59:57,トリガー計測(計算停止中)
135,c:\temp\images\section1\Image_Left_20240325_180800.bmp,c:\temp\images\section1\Image_Right_20240325_180800.bmp,03/26 14:08:01,トリガー計測(計算停止中)
136,c:\temp\images\section1\Image_Left_20240326_092903.bmp,c:\temp\images\section1\Image_Right_20240326_092903.bmp,03/26 14:09:59,トリガー計測(計算停止中)
137,c:\temp\images\section1\Image_Left_20240326_092909.bmp,c:\temp\images\section1\Image_Right_20240326_092909.bmp,03/26 14:13:21,掘進終了(計算停止中)
138,c:\temp\images\section1\Image_Left_20240326_093826.bmp,c:\temp\images\section1\Image_Right_20240326_093826.bmp,03/26 15:41:27,掘進開始
139,c:\temp\images\section1\Image_Left_20240326_111827.bmp,c:\temp\images\section1\Image_Right_20240326_111827.bmp,03/26 15:43:20,トリガー計測
140,c:\temp\images\section1\Image_Left_20240326_112043.bmp,c:\temp\images\section1\Image_Right_20240326_112043.bmp,03/26 15:48:44,トリガー計測
141,c:\temp\images\section1\Image_Left_20240326_112635.bmp,c:\temp\images\section1\Image_Right_20240326_112635.bmp,03/26 15:55:46,トリガー計測(計算停止中)
142,c:\temp\images\section1\Image_Left_20240326_113409.bmp,c:\temp\images\section1\Image_Right_20240326_113409.bmp,03/26 16:03:03,トリガー計測(計算停止中)
143,c:\temp\images\section1\Image_Left_20240326_114209.bmp,c:\temp\images\section1\Image_Right_20240326_114209.bmp,03/26 16:14:32,トリガー計測(計算停止中)
144,c:\temp\images\section1\Image_Left_20240326_115039.bmp,c:\temp\images\section1\Image_Right_20240326_115039.bmp,03/26 16:16:47,トリガー計測(計算停止中)
145,c:\temp\images\section1\Image_Left_20240326_115255.bmp,c:\temp\images\section1\Image_Right_20240326_115255.bmp,03/26 16:19:18,掘進終了(計算停止中)
146,c:\temp\images\section1\Image_Left_20240326_115301.bmp,c:\temp\images\section1\Image_Right_20240326_115301.bmp,03/27 11:26:32,掘進開始
147,c:\temp\images\section1\Image_Left_20240326_115519.bmp,c:\temp\images\section1\Image_Right_20240326_115519.bmp,03/27 11:29:15,トリガー計測
148,c:\temp\images\section1\Image_Left_20240326_133547.bmp,c:\temp\images\section1\Image_Right_20240326_133547.bmp,03/27 11:36:28,トリガー計測
149,c:\temp\images\section1\Image_Left_20240326_133803.bmp,c:\temp\images\section1\Image_Right_20240326_133803.bmp,03/27 11:45:59,トリガー計測
150,c:\temp\images\section1\Image_Left_20240326_134430.bmp,c:\temp\images\section1\Image_Right_20240326_134430.bmp,03/27 11:56:06,トリガー計測
151,c:\temp\images\section1\Image_Left_20240326_135201.bmp,c:\temp\images\section1\Image_Right_20240326_135201.bmp,03/27 12:07:41,トリガー計測
152,c:\temp\images\section1\Image_Left_20240326_135954.bmp,c:\temp\images\section1\Image_Right_20240326_135954.bmp,03/27 12:10:56,トリガー計測
153,c:\temp\images\section1\Image_Left_20240326_140000.bmp,c:\temp\images\section1\Image_Right_20240326_140000.bmp,03/27 12:15:23,掘進終了
154,c:\temp\images\section1\Image_Left_20240326_140758.bmp,c:\temp\images\section1\Image_Right_20240326_140758.bmp,03/27 14:47:28,掘進開始
155,c:\temp\images\section1\Image_Left_20240326_140804.bmp,c:\temp\images\section1\Image_Right_20240326_140804.bmp,03/27 14:49:56,トリガー計測
156,c:\temp\images\section1\Image_Left_20240326_140956.bmp,c:\temp\images\section1\Image_Right_20240326_140956.bmp,03/27 14:57:13,トリガー計測
157,c:\temp\images\section1\Image_Left_20240326_141002.bmp,c:\temp\images\section1\Image_Right_20240326_141002.bmp,03/27 15:07:33,トリガー計測
158,c:\temp\images\section1\Image_Left_20240326_141318.bmp,c:\temp\images\section1\Image_Right_20240326_141318.bmp,03/27 15:19:11,トリガー計測
159,c:\temp\images\section1\Image_Left_20240326_154127.bmp,c:\temp\images\section1\Image_Right_20240326_154127.bmp,03/27 15:33:21,トリガー計測
160,c:\temp\images\section1\Image_Left_20240326_154320.bmp,c:\temp\images\section1\Image_Right_20240326_154320.bmp,03/27 15:36:30,トリガー計測
161,c:\temp\images\section1\Image_Left_20240326_154844.bmp,c:\temp\images\section1\Image_Right_20240326_154844.bmp,03/28 09:34:57,掘進開始
162,c:\temp\images\section1\Image_Left_20240326_155543.bmp,c:\temp\images\section1\Image_Right_20240326_155543.bmp,03/28 09:37:34,トリガー計測
163,c:\temp\images\section1\Image_Left_20240326_160300.bmp,c:\temp\images\section1\Image_Right_20240326_160300.bmp,03/28 09:44:54,トリガー計測
164,c:\temp\images\section1\Image_Left_20240326_161430.bmp,c:\temp\images\section1\Image_Right_20240326_161430.bmp,03/28 09:54:45,トリガー計測
165,c:\temp\images\section1\Image_Left_20240326_161644.bmp,c:\temp\images\section1\Image_Right_20240326_161644.bmp,03/28 10:03:04,トリガー計測
166,c:\temp\images\section1\Image_Left_20240326_161915.bmp,c:\temp\images\section1\Image_Right_20240326_161915.bmp,03/28 10:11:13,トリガー計測
167,c:\temp\images\section1\Image_Left_20240326_182030.bmp,c:\temp\images\section1\Image_Right_20240326_182030.bmp,03/28 10:13:15,トリガー計測
168,c:\temp\images\section1\Image_Left_20240327_112632.bmp,c:\temp\images\section1\Image_Right_20240327_112632.bmp,03/28 10:17:01,掘進終了
169,c:\temp\images\section1\Image_Left_20240327_112915.bmp,c:\temp\images\section1\Image_Right_20240327_112915.bmp,03/28 13:01:55,掘進開始
170,c:\temp\images\section1\Image_Left_20240327_113628.bmp,c:\temp\images\section1\Image_Right_20240327_113628.bmp,03/28 13:03:52,トリガー計測
171,c:\temp\images\section1\Image_Left_20240327_114556.bmp,c:\temp\images\section1\Image_Right_20240327_114556.bmp,03/28 13:09:53,トリガー計測
172,c:\temp\images\section1\Image_Left_20240327_114602.bmp,c:\temp\images\section1\Image_Right_20240327_114602.bmp,03/28 13:17:53,トリガー計測
173,c:\temp\images\section1\Image_Left_20240327_115603.bmp,c:\temp\images\section1\Image_Right_20240327_115603.bmp,03/28 13:25:57,トリガー計測
174,c:\temp\images\section1\Image_Left_20240327_120741.bmp,c:\temp\images\section1\Image_Right_20240327_120741.bmp,03/28 13:40:25,トリガー計測
175,c:\temp\images\section1\Image_Left_20240327_121054.bmp,c:\temp\images\section1\Image_Right_20240327_121054.bmp,03/28 13:46:41,トリガー計測
176,c:\temp\images\section1\Image_Left_20240327_121100.bmp,c:\temp\images\section1\Image_Right_20240327_121100.bmp,03/28 13:50:05,掘進終了
177,c:\temp\images\section1\Image_Left_20240327_121520.bmp,c:\temp\images\section1\Image_Right_20240327_121520.bmp,03/28 14:47:42,掘進開始
178,c:\temp\images\section1\Image_Left_20240327_144728.bmp,c:\temp\images\section1\Image_Right_20240327_144728.bmp,03/28 14:50:03,トリガー計測
179,c:\temp\images\section1\Image_Left_20240327_144956.bmp,c:\temp\images\section1\Image_Right_20240327_144956.bmp,03/28 14:56:37,トリガー計測
180,c:\temp\images\section1\Image_Left_20240327_145713.bmp,c:\temp\images\section1\Image_Right_20240327_145713.bmp,03/28 15:04:19,トリガー計測
181,c:\temp\images\section1\Image_Left_20240327_150731.bmp,c:\temp\images\section1\Image_Right_20240327_150731.bmp,03/28 15:12:31,トリガー計測
182,c:\temp\images\section1\Image_Left_20240327_151112.bmp,c:\temp\images\section1\Image_Right_20240327_151112.bmp,03/28 15:16:54,トリガー計測(計算停止中)
183,c:\temp\images\section1\Image_Left_20240327_151256.bmp,c:\temp\images\section1\Image_Right_20240327_151256.bmp,03/28 15:23:20,トリガー計測(計算停止中)
184,c:\temp\images\section1\Image_Left_20240327_151300.bmp,c:\temp\images\section1\Image_Right_20240327_151300.bmp,03/29 08:59:13,掘進開始
185,c:\temp\images\section1\Image_Left_20240327_151402.bmp,c:\temp\images\section1\Image_Right_20240327_151402.bmp,03/29 09:01:27,トリガー計測
186,c:\temp\images\section1\Image_Left_20240327_151557.bmp,c:\temp\images\section1\Image_Right_20240327_151557.bmp,03/29 09:07:27,トリガー計測
187,c:\temp\images\section1\Image_Left_20240327_151638.bmp,c:\temp\images\section1\Image_Right_20240327_151638.bmp,03/29 09:14:34,トリガー計測
188,c:\temp\images\section1\Image_Left_20240327_151911.bmp,c:\temp\images\section1\Image_Right_20240327_151911.bmp,03/29 09:22:07,トリガー計測
189,c:\temp\images\section1\Image_Left_20240327_152056.bmp,c:\temp\images\section1\Image_Right_20240327_152056.bmp,03/29 09:25:58,トリガー計測
190,c:\temp\images\section1\Image_Left_20240327_152341.bmp,c:\temp\images\section1\Image_Right_20240327_152341.bmp,03/29 09:31:44,トリガー計測
191,c:\temp\images\section1\Image_Left_20240327_152611.bmp,c:\temp\images\section1\Image_Right_20240327_152611.bmp,03/29 09:35:30,掘進終了
192,c:\temp\images\section1\Image_Left_20240327_152706.bmp,c:\temp\images\section1\Image_Right_20240327_152706.bmp,03/29 10:50:35,掘進開始
193,c:\temp\images\section1\Image_Left_20240327_152858.bmp,c:\temp\images\section1\Image_Right_20240327_152858.bmp,03/29 10:52:24,トリガー計測
194,c:\temp\images\section1\Image_Left_20240327_152920.bmp,c:\temp\images\section1\Image_Right_20240327_152920.bmp,03/29 10:57:22,トリガー計測
195,c:\temp\images\section1\Image_Left_20240327_153055.bmp,c:\temp\images\section1\Image_Right_20240327_153055.bmp,03/29 11:03:20,トリガー計測
196,c:\temp\images\section1\Image_Left_20240327_153319.bmp,c:\temp\images\section1\Image_Right_20240327_153319.bmp,03/29 11:09:37,トリガー計測
197,c:\temp\images\section1\Image_Left_20240327_153627.bmp,c:\temp\images\section1\Image_Right_20240327_153627.bmp,03/29 11:12:53,トリガー計測
198,c:\temp\images\section1\Image_Left_20240327_153832.bmp,c:\temp\images\section1\Image_Right_20240327_153832.bmp,03/29 11:17:50,トリガー計測
199,c:\temp\images\section1\Image_Left_20240328_091857.bmp,c:\temp\images\section1\Image_Right_20240328_091857.bmp,03/29 12:38:40,掘進開始
200,c:\temp\images\section1\Image_Left_20240328_091903.bmp,c:\temp\images\section1\Image_Right_20240328_091903.bmp,03/29 12:40:09,トリガー計測
201,c:\temp\images\section1\Image_Left_20240328_093457.bmp,c:\temp\images\section1\Image_Right_20240328_093457.bmp,03/29 12:45:18,トリガー計測
202,c:\temp\images\section1\Image_Left_20240328_093735.bmp,c:\temp\images\section1\Image_Right_20240328_093735.bmp,03/29 12:51:55,トリガー計測
203,c:\temp\images\section1\Image_Left_20240328_094454.bmp,c:\temp\images\section1\Image_Right_20240328_094454.bmp,03/29 12:57:59,トリガー計測
204,c:\temp\images\section1\Image_Left_20240328_095446.bmp,c:\temp\images\section1\Image_Right_20240328_095446.bmp,03/29 13:00:42,トリガー計測
205,c:\temp\images\section1\Image_Left_20240328_100305.bmp,c:\temp\images\section1\Image_Right_20240328_100305.bmp,03/29 13:04:44,トリガー計測(計算停止中)
206,c:\temp\images\section1\Image_Left_20240328_101111.bmp,c:\temp\images\section1\Image_Right_20240328_101111.bmp,03/29 13:06:38,掘進終了(計算停止中)
207,c:\temp\images\section1\Image_Left_20240328_101313.bmp,c:\temp\images\section1\Image_Right_20240328_101313.bmp,03/29 16:42:36,トリガー計測
208,c:\temp\images\section1\Image_Left_20240328_101659.bmp,c:\temp\images\section1\Image_Right_20240328_101659.bmp,04/01 12:57:12,トリガー計測
209,c:\temp\images\section1\Image_Left_20240328_101705.bmp,c:\temp\images\section1\Image_Right_20240328_101705.bmp,04/01 14:05:37,掘進開始
210,c:\temp\images\section1\Image_Left_20240328_110441.bmp,c:\temp\images\section1\Image_Right_20240328_110441.bmp,04/01 14:15:07,トリガー計測
211,c:\temp\images\section1\Image_Left_20240328_130155.bmp,c:\temp\images\section1\Image_Right_20240328_130155.bmp,04/01 14:27:06,トリガー計測
212,c:\temp\images\section1\Image_Left_20240328_130352.bmp,c:\temp\images\section1\Image_Right_20240328_130352.bmp,04/01 14:32:36,トリガー計測
213,c:\temp\images\section1\Image_Left_20240328_130953.bmp,c:\temp\images\section1\Image_Right_20240328_130953.bmp,04/01 14:38:17,トリガー計測
214,c:\temp\images\section1\Image_Left_20240328_131753.bmp,c:\temp\images\section1\Image_Right_20240328_131753.bmp,04/01 14:41:16,トリガー計測
215,c:\temp\images\section1\Image_Left_20240328_132554.bmp,c:\temp\images\section1\Image_Right_20240328_132554.bmp,04/01 14:46:12,トリガー計測
216,c:\temp\images\section1\Image_Left_20240328_132600.bmp,c:\temp\images\section1\Image_Right_20240328_132600.bmp,04/01 14:48:44,掘進終了
217,c:\temp\images\section1\Image_Left_20240328_134023.bmp,c:\temp\images\section1\Image_Right_20240328_134023.bmp,04/01 18:21:59,座標エントリ時計測
218,c:\temp\images\section1\Image_Left_20240328_134639.bmp,c:\temp\images\section1\Image_Right_20240328_134639.bmp,04/01 20:55:06,掘進開始
219,c:\temp\images\section1\Image_Left_20240328_135003.bmp,c:\temp\images\section1\Image_Right_20240328_135003.bmp,04/01 20:56:46,トリガー計測(計算停止中)
220,c:\temp\images\section1\Image_Left_20240328_144742.bmp,c:\temp\images\section1\Image_Right_20240328_144742.bmp,04/01 21:13:03,トリガー計測(計算停止中)
221,c:\temp\images\section1\Image_Left_20240328_145003.bmp,c:\temp\images\section1\Image_Right_20240328_145003.bmp,04/01 21:20:18,トリガー計測(計算停止中)
222,c:\temp\images\section1\Image_Left_20240328_145638.bmp,c:\temp\images\section1\Image_Right_20240328_145638.bmp,04/01 21:26:53,トリガー計測(計算停止中)
223,c:\temp\images\section1\Image_Left_20240328_150420.bmp,c:\temp\images\section1\Image_Right_20240328_150420.bmp,04/01 21:30:04,トリガー計測(計算停止中)
224,c:\temp\images\section1\Image_Left_20240328_151232.bmp,c:\temp\images\section1\Image_Right_20240328_151232.bmp,04/01 21:35:02,トリガー計測(計算停止中)
225,c:\temp\images\section1\Image_Left_20240328_151652.bmp,c:\temp\images\section1\Image_Right_20240328_151652.bmp,04/01 21:39:04,掘進終了(計算停止中)
226,c:\temp\images\section1\Image_Left_20240328_151704.bmp,c:\temp\images\section1\Image_Right_20240328_151704.bmp,04/02 03:03:56,掘進開始(計算停止中)
227,c:\temp\images\section1\Image_Left_20240328_152317.bmp,c:\temp\images\section1\Image_Right_20240328_152317.bmp,04/02 03:05:28,トリガー計測(計算停止中)
228,c:\temp\images\section1\Image_Left_20240328_152539.bmp,c:\temp\images\section1\Image_Right_20240328_152539.bmp,04/02 03:09:52,トリガー計測(計算停止中)
229,c:\temp\images\section1\Image_Left_20240328_182319.bmp,c:\temp\images\section1\Image_Right_20240328_182319.bmp,04/02 03:21:42,トリガー計測(計算停止中)
230,c:\temp\images\section1\Image_Left_20240328_182410.bmp,c:\temp\images\section1\Image_Right_20240328_182410.bmp,04/02 03:27:59,トリガー計測(計算停止中)
231,c:\temp\images\section1\Image_Left_20240329_085913.bmp,c:\temp\images\section1\Image_Right_20240329_085913.bmp,04/02 03:31:02,トリガー計測(計算停止中)
232,c:\temp\images\section1\Image_Left_20240329_090127.bmp,c:\temp\images\section1\Image_Right_20240329_090127.bmp,04/02 03:35:47,トリガー計測(計算停止中)
233,c:\temp\images\section1\Image_Left_20240329_090727.bmp,c:\temp\images\section1\Image_Right_20240329_090727.bmp,04/02 03:38:32,掘進終了(計算停止中)
234,c:\temp\images\section1\Image_Left_20240329_091434.bmp,c:\temp\images\section1\Image_Right_20240329_091434.bmp,04/02 10:39:05,掘進開始(計算停止中)
235,c:\temp\images\section1\Image_Left_20240329_092207.bmp,c:\temp\images\section1\Image_Right_20240329_092207.bmp,04/02 10:40:28,トリガー計測(計算停止中)
236,c:\temp\images\section1\Image_Left_20240329_092558.bmp,c:\temp\images\section1\Image_Right_20240329_092558.bmp,04/02 10:44:30,トリガー計測(計算停止中)
237,c:\temp\images\section1\Image_Left_20240329_093140.bmp,c:\temp\images\section1\Image_Right_20240329_093140.bmp,04/02 10:50:58,トリガー計測(計算停止中)
238,c:\temp\images\section1\Image_Left_20240329_093526.bmp,c:\temp\images\section1\Image_Right_20240329_093526.bmp,04/02 10:57:19,トリガー計測(計算停止中)
239,c:\temp\images\section1\Image_Left_20240329_105035.bmp,c:\temp\images\section1\Image_Right_20240329_105035.bmp,04/02 11:00:42,トリガー計測(計算停止中)
240,c:\temp\images\section1\Image_Left_20240329_105224.bmp,c:\temp\images\section1\Image_Right_20240329_105224.bmp,04/02 11:05:03,トリガー計測(計算停止中)
241,c:\temp\images\section1\Image_Left_20240329_105721.bmp,c:\temp\images\section1\Image_Right_20240329_105721.bmp,04/02 13:10:10,掘進開始
242,c:\temp\images\section1\Image_Left_20240329_110320.bmp,c:\temp\images\section1\Image_Right_20240329_110320.bmp,04/02 13:11:43,トリガー計測(計算停止中)
243,c:\temp\images\section1\Image_Left_20240329_110936.bmp,c:\temp\images\section1\Image_Right_20240329_110936.bmp,04/02 13:15:42,トリガー計測(計算停止中)
244,c:\temp\images\section1\Image_Left_20240329_111252.bmp,c:\temp\images\section1\Image_Right_20240329_111252.bmp,04/02 13:21:56,トリガー計測(計算停止中)
245,c:\temp\images\section1\Image_Left_20240329_111747.bmp,c:\temp\images\section1\Image_Right_20240329_111747.bmp,04/02 13:28:20,トリガー計測(計算停止中)
246,c:\temp\images\section1\Image_Left_20240329_112011.bmp,c:\temp\images\section1\Image_Right_20240329_112011.bmp,04/02 13:31:30,トリガー計測(計算停止中)
247,c:\temp\images\section1\Image_Left_20240329_123840.bmp,c:\temp\images\section1\Image_Right_20240329_123840.bmp,04/02 13:37:35,トリガー計測(計算停止中)
248,c:\temp\images\section1\Image_Left_20240329_124008.bmp,c:\temp\images\section1\Image_Right_20240329_124008.bmp,04/02 18:05:40,座標エントリ時計測
249,c:\temp\images\section1\Image_Left_20240329_124517.bmp,c:\temp\images\section1\Image_Right_20240329_124517.bmp,04/02 20:58:05,掘進開始
250,c:\temp\images\section1\Image_Left_20240329_125155.bmp,c:\temp\images\section1\Image_Right_20240329_125155.bmp,04/02 21:00:00,トリガー計測(計算停止中)
251,c:\temp\images\section1\Image_Left_20240329_125758.bmp,c:\temp\images\section1\Image_Right_20240329_125758.bmp,04/02 21:05:22,トリガー計測(計算停止中)
252,c:\temp\images\section1\Image_Left_20240329_130042.bmp,c:\temp\images\section1\Image_Right_20240329_130042.bmp,04/02 21:13:16,トリガー計測(計算停止中)
253,c:\temp\images\section1\Image_Left_20240329_130441.bmp,c:\temp\images\section1\Image_Right_20240329_130441.bmp,04/02 21:31:00,トリガー計測(計算停止中)
254,c:\temp\images\section1\Image_Left_20240329_130635.bmp,c:\temp\images\section1\Image_Right_20240329_130635.bmp,04/02 21:36:47,トリガー計測(計算停止中)
255,c:\temp\images\section1\Image_Left_20240329_164236.bmp,c:\temp\images\section1\Image_Right_20240329_164236.bmp,04/02 21:43:21,トリガー計測(計算停止中)
256,c:\temp\images\section1\Image_Left_20240329_165320.bmp,c:\temp\images\section1\Image_Right_20240329_165320.bmp,04/02 21:46:58,掘進終了(計算停止中)
257,c:\temp\images\section1\Image_Left_20240401_125709.bmp,c:\temp\images\section1\Image_Right_20240401_125709.bmp,04/02 22:35:30,掘進開始
258,c:\temp\images\section1\Image_Left_20240401_130035.bmp,c:\temp\images\section1\Image_Right_20240401_130035.bmp,04/02 22:38:11,トリガー計測
259,c:\temp\images\section1\Image_Left_20240401_140537.bmp,c:\temp\images\section1\Image_Right_20240401_140537.bmp,04/02 22:49:35,トリガー計測(計算停止中)
260,c:\temp\images\section1\Image_Left_20240401_141507.bmp,c:\temp\images\section1\Image_Right_20240401_141507.bmp,04/02 23:48:48,掘進開始
261,c:\temp\images\section1\Image_Left_20240401_142707.bmp,c:\temp\images\section1\Image_Right_20240401_142707.bmp,04/02 23:50:14,トリガー計測
262,c:\temp\images\section1\Image_Left_20240401_143236.bmp,c:\temp\images\section1\Image_Right_20240401_143236.bmp,04/03 00:00:39,トリガー計測
263,c:\temp\images\section1\Image_Left_20240401_143817.bmp,c:\temp\images\section1\Image_Right_20240401_143817.bmp,04/03 01:01:07,掘進開始(計算停止中)
264,c:\temp\images\section1\Image_Left_20240401_144116.bmp,c:\temp\images\section1\Image_Right_20240401_144116.bmp,04/03 01:03:17,トリガー計測(計算停止中)
265,c:\temp\images\section1\Image_Left_20240401_144610.bmp,c:\temp\images\section1\Image_Right_20240401_144610.bmp,04/03 01:13:24,トリガー計測(計算停止中)
266,c:\temp\images\section1\Image_Left_20240401_144842.bmp,c:\temp\images\section1\Image_Right_20240401_144842.bmp,04/03 02:08:24,掘進開始
267,c:\temp\images\section1\Image_Left_20240401_153310.bmp,c:\temp\images\section1\Image_Right_20240401_153310.bmp,04/03 02:10:39,トリガー計測
268,c:\temp\images\section1\Image_Left_20240401_153412.bmp,c:\temp\images\section1\Image_Right_20240401_153412.bmp,04/03 02:17:23,トリガー計測
269,c:\temp\images\section1\Image_Left_20240401_182200.bmp,c:\temp\images\section1\Image_Right_20240401_182200.bmp,04/03 03:06:38,掘進開始
270,c:\temp\images\section1\Image_Left_20240401_205503.bmp,c:\temp\images\section1\Image_Right_20240401_205503.bmp,04/03 03:08:41,トリガー計測
271,c:\temp\images\section1\Image_Left_20240401_205642.bmp,c:\temp\images\section1\Image_Right_20240401_205642.bmp,04/03 03:17:11,トリガー計測
272,c:\temp\images\section1\Image_Left_20240401_211259.bmp,c:\temp\images\section1\Image_Right_20240401_211259.bmp,04/03 06:06:28,座標エントリ
273,c:\temp\images\section1\Image_Left_20240401_211305.bmp,c:\temp\images\section1\Image_Right_20240401_211305.bmp,04/03 09:36:56,掘進開始
274,c:\temp\images\section1\Image_Left_20240401_212015.bmp,c:\temp\images\section1\Image_Right_20240401_212015.bmp,04/03 09:45:38,トリガー計測
275,c:\temp\images\section1\Image_Left_20240401_212650.bmp,c:\temp\images\section1\Image_Right_20240401_212650.bmp,04/03 12:39:54,掘進開始
276,c:\temp\images\section1\Image_Left_20240401_212702.bmp,c:\temp\images\section1\Image_Right_20240401_212702.bmp,04/03 12:42:00,トリガー計測(計算停止中)
277,c:\temp\images\section1\Image_Left_20240401_213000.bmp,c:\temp\images\section1\Image_Right_20240401_213000.bmp,04/03 12:46:15,トリガー計測(計算停止中)
278,c:\temp\images\section1\Image_Left_20240401_213459.bmp,c:\temp\images\section1\Image_Right_20240401_213459.bmp,04/03 13:18:17,掘進開始(計算停止中)
279,c:\temp\images\section1\Image_Left_20240401_213505.bmp,c:\temp\images\section1\Image_Right_20240401_213505.bmp,04/03 13:19:35,トリガー計測
280,c:\temp\images\section1\Image_Left_20240402_130323.bmp,c:\temp\images\section1\Image_Right_20240402_130323.bmp,04/03 13:23:39,トリガー計測
281,c:\temp\images\section1\Image_Left_20240402_130446.bmp,c:\temp\images\section1\Image_Right_20240402_130446.bmp,04/03 14:05:35,掘進開始(計算停止中)
282,c:\temp\images\section1\Image_Left_20240402_131007.bmp,c:\temp\images\section1\Image_Right_20240402_131007.bmp,04/03 14:13:39,トリガー計測(計算停止中)
283,c:\temp\images\section1\Image_Left_20240402_131140.bmp,c:\temp\images\section1\Image_Right_20240402_131140.bmp,04/03 14:36:55,トリガー計測
284,c:\temp\images\section1\Image_Left_20240402_131538.bmp,c:\temp\images\section1\Image_Right_20240402_131538.bmp,04/03 15:04:56,掘進開始
285,c:\temp\images\section1\Image_Left_20240402_132153.bmp,c:\temp\images\section1\Image_Right_20240402_132153.bmp,04/03 15:07:14,トリガー計測(計算停止中)
286,c:\temp\images\section1\Image_Left_20240402_132205.bmp,c:\temp\images\section1\Image_Right_20240402_132205.bmp,04/03 15:09:05,トリガー計測(計算停止中)
287,c:\temp\images\section1\Image_Left_20240402_132817.bmp,c:\temp\images\section1\Image_Right_20240402_132817.bmp,04/03 15:16:47,トリガー計測(計算停止中)
288,c:\temp\images\section1\Image_Left_20240402_133127.bmp,c:\temp\images\section1\Image_Right_20240402_133127.bmp,04/03 15:18:53,トリガー計測(計算停止中)
289,c:\temp\images\section1\Image_Left_20240402_133732.bmp,c:\temp\images\section1\Image_Right_20240402_133732.bmp,04/03 20:24:50,掘進開始
290,c:\temp\images\section1\Image_Left_20240402_133929.bmp,c:\temp\images\section1\Image_Right_20240402_133929.bmp,04/03 23:44:13,トリガー計測
291,c:\temp\images\section1\Image_Left_20240402_180539.bmp,c:\temp\images\section1\Image_Right_20240402_180539.bmp,04/03 23:46:12,トリガー計測
292,c:\temp\images\section1\Image_Left_20240402_205802.bmp,c:\temp\images\section1\Image_Right_20240402_205802.bmp,04/03 23:55:49,トリガー計測
293,c:\temp\images\section1\Image_Left_20240402_205957.bmp,c:\temp\images\section1\Image_Right_20240402_205957.bmp,04/03 23:57:54,トリガー計測
294,c:\temp\images\section1\Image_Left_20240402_210003.bmp,c:\temp\images\section1\Image_Right_20240402_210003.bmp,04/04 00:41:57,掘進開始
295,c:\temp\images\section1\Image_Left_20240402_210519.bmp,c:\temp\images\section1\Image_Right_20240402_210519.bmp,04/04 00:45:28,トリガー計測
296,c:\temp\images\section1\Image_Left_20240402_211313.bmp,c:\temp\images\section1\Image_Right_20240402_211313.bmp,04/04 00:47:22,トリガー計測
297,c:\temp\images\section1\Image_Left_20240402_213058.bmp,c:\temp\images\section1\Image_Right_20240402_213058.bmp,04/04 00:50:59,トリガー計測
298,c:\temp\images\section1\Image_Left_20240402_213104.bmp,c:\temp\images\section1\Image_Right_20240402_213104.bmp,04/04 00:52:47,トリガー計測
299,c:\temp\images\section1\Image_Left_20240402_213644.bmp,c:\temp\images\section1\Image_Right_20240402_213644.bmp,04/04 01:27:06,掘進開始
300,c:\temp\images\section1\Image_Left_20240402_214318.bmp,c:\temp\images\section1\Image_Right_20240402_214318.bmp,04/04 01:28:54,トリガー計測
301,c:\temp\images\section1\Image_Left_20240402_214655.bmp,c:\temp\images\section1\Image_Right_20240402_214655.bmp,04/04 01:30:41,トリガー計測
302,c:\temp\images\section1\Image_Left_20240402_214701.bmp,c:\temp\images\section1\Image_Right_20240402_214701.bmp,04/04 01:34:07,トリガー計測
303,c:\temp\images\section1\Image_Left_20240402_223530.bmp,c:\temp\images\section1\Image_Right_20240402_223530.bmp,04/04 01:35:44,トリガー計測
304,c:\temp\images\section1\Image_Left_20240402_223811.bmp,c:\temp\images\section1\Image_Right_20240402_223811.bmp,04/04 02:08:44,掘進開始
305,c:\temp\images\section1\Image_Left_20240402_224932.bmp,c:\temp\images\section1\Image_Right_20240402_224932.bmp,04/04 02:10:22,トリガー計測
306,c:\temp\images\section1\Image_Left_20240402_234848.bmp,c:\temp\images\section1\Image_Right_20240402_234848.bmp,04/04 02:11:59,トリガー計測
307,c:\temp\images\section1\Image_Left_20240402_235014.bmp,c:\temp\images\section1\Image_Right_20240402_235014.bmp,04/04 02:15:11,トリガー計測
,,,04/04 02:16:49,トリガー計測
,,,04/04 03:14:22,掘進開始
,,,04/04 03:15:59,トリガー計測
,,,04/04 03:17:26,トリガー計測
,,,04/04 03:20:13,トリガー計測
,,,04/04 03:21:35,トリガー計測
,,,04/04 09:11:27,掘進開始
,,,04/04 09:13:10,トリガー計測
,,,04/04 09:14:55,トリガー計測
,,,04/04 09:19:00,トリガー計測
,,,04/04 09:56:11,掘進開始
,,,04/04 09:58:07,トリガー計測(計算停止中)
,,,04/04 10:00:08,トリガー計測(計算停止中)
,,,04/04 10:04:16,トリガー計測(計算停止中)
,,,04/04 10:05:56,トリガー計測(計算停止中)
,,,04/04 10:34:58,掘進開始
,,,04/04 10:36:46,トリガー計測
,,,04/04 10:38:50,トリガー計測
,,,04/04 10:43:04,トリガー計測
,,,04/04 10:45:12,トリガー計測
,,,04/04 11:18:37,掘進開始(計算停止中)
,,,04/04 11:20:39,トリガー計測(計算停止中)
,,,04/04 11:22:44,トリガー計測(計算停止中)
,,,04/04 11:26:30,トリガー計測(計算停止中)
,,,04/04 11:28:10,トリガー計測(計算停止中)
,,,04/04 11:55:59,掘進開始
,,,04/04 11:57:36,トリガー計測
,,,04/04 11:59:23,トリガー計測
,,,04/04 12:03:32,トリガー計測(計算停止中)
,,,04/04 12:05:32,トリガー計測(計算停止中)
,,,04/04 12:42:52,掘進開始(計算停止中)
,,,04/04 12:44:45,トリガー計測(計算停止中)
,,,04/04 12:46:36,トリガー計測(計算停止中)
,,,04/04 12:50:13,トリガー計測(計算停止中)
,,,04/04 12:52:03,トリガー計測(計算停止中)
,,,04/04 13:23:05,掘進開始
,,,04/04 13:25:03,トリガー計測
,,,04/04 13:26:52,トリガー計測
,,,04/04 13:30:36,トリガー計測(計算停止中)
,,,04/04 13:32:25,トリガー計測(計算停止中)
,,,04/04 14:14:37,掘進開始
,,,04/04 14:16:31,トリガー計測
,,,04/04 14:18:23,トリガー計測
,,,04/04 14:22:21,トリガー計測(計算停止中)
,,,04/04 14:24:32,トリガー計測(計算停止中)
,,,04/04 18:57:04,座標エントリ
,,,04/04 20:42:22,掘進開始
,,,04/04 20:44:31,トリガー計測
,,,04/04 20:46:27,トリガー計測
,,,04/04 20:50:07,トリガー計測
,,,04/04 20:51:48,トリガー計測
,,,04/04 21:25:59,掘進開始
,,,04/04 21:29:04,トリガー計測
,,,04/04 21:32:12,トリガー計測
,,,04/04 21:37:35,トリガー計測
,,,04/04 22:24:37,掘進開始
,,,04/04 22:26:54,トリガー計測
,,,04/04 22:28:38,トリガー計測
,,,04/04 22:32:15,トリガー計測
,,,04/04 22:33:55,トリガー計測
,,,04/05 02:23:10,掘進開始
,,,04/05 06:23:34,座標エントリ
,,,04/05 09:30:08,掘進開始
,,,04/05 09:32:21,トリガー計測
,,,04/05 09:34:33,トリガー計測
,,,04/05 09:39:12,トリガー計測
,,,04/05 10:25:52,掘進開始
,,,04/05 10:28:08,トリガー計測
,,,04/05 10:30:37,トリガー計測
,,,04/05 10:34:59,トリガー計測
,,,04/05 10:37:37,トリガー計測
,,,04/05 11:11:15,掘進開始
,,,04/05 11:13:29,トリガー計測
,,,04/05 11:15:40,トリガー計測
,,,04/05 11:21:04,トリガー計測
,,,04/05 11:23:19,トリガー計測
,,,04/05 11:59:55,掘進開始
,,,04/05 12:02:00,トリガー計測
,,,04/05 12:04:31,トリガー計測
,,,04/05 12:09:08,トリガー計測
,,,04/05 12:11:24,トリガー計測
,,,04/05 12:54:44,掘進開始
,,,04/05 12:56:41,トリガー計測
,,,04/05 12:58:44,トリガー計測
,,,04/05 13:02:57,トリガー計測
,,,04/05 13:05:11,トリガー計測
,,,04/05 14:45:05,掘進開始
,,,04/05 14:47:18,トリガー計測
,,,04/05 15:35:02,トリガー計測
,,,04/05 15:41:20,掘進開始
,,,04/05 15:43:54,トリガー計測
,,,04/05 15:46:02,トリガー計測
,,,04/05 15:49:48,トリガー計測
,,,04/05 15:51:40,トリガー計測
,,,04/08 10:06:50,掘進開始
,,,04/08 10:33:34,トリガー計測
,,,04/08 10:35:49,トリガー計測
,,,04/08 12:26:06,掘進開始
,,,04/08 13:31:08,掘進開始
,,,04/08 21:28:46,掘進開始
,,,04/08 21:31:04,トリガー計測
,,,04/08 21:33:31,トリガー計測
,,,04/08 21:45:34,トリガー計測
,,,04/08 21:48:09,トリガー計測
,,,04/08 22:15:30,掘進開始
,,,04/08 22:17:53,トリガー計測
,,,04/08 22:20:14,トリガー計測
,,,04/08 22:24:55,トリガー計測
,,,04/08 22:27:02,トリガー計測
,,,04/08 22:29:04,掘進終了(tmp)
,,,04/08 22:59:21,掘進開始
,,,04/08 23:01:20,トリガー計測
,,,04/08 23:03:21,トリガー計測
,,,04/09 01:01:33,トリガー計測
,,,04/09 01:03:26,トリガー計測
,,,04/09 01:07:16,掘進終了(tmp)
,,,04/09 10:46:48,掘進開始
,,,04/09 10:48:32,トリガー計測
,,,04/09 10:50:15,トリガー計測
,,,04/09 11:13:22,トリガー計測
,,,04/09 11:15:24,トリガー計測
,,,04/09 12:01:17,掘進開始
,,,04/09 12:03:15,トリガー計測
,,,04/09 12:05:28,トリガー計測
,,,04/09 12:09:51,トリガー計測
,,,04/09 12:12:02,トリガー計測
,,,04/09 12:14:51,掘進終了
,,,04/09 12:59:48,掘進開始
,,,04/09 13:01:51,トリガー計測
,,,04/09 13:03:59,トリガー計測
,,,04/09 13:08:33,トリガー計測
,,,04/09 13:10:47,トリガー計測
,,,04/09 21:02:36,掘進開始
,,,04/09 21:04:36,トリガー計測
,,,04/09 21:06:22,トリガー計測
,,,04/09 21:10:03,トリガー計測
,,,04/09 21:12:02,トリガー計測
,,,04/09 21:34:57,掘進開始
,,,04/09 21:36:47,トリガー計測
,,,04/09 21:38:35,トリガー計測
,,,04/09 21:42:13,トリガー計測
,,,04/09 21:44:02,トリガー計測
,,,04/09 22:13:43,掘進開始
,,,04/09 22:15:29,トリガー計測
,,,04/09 22:17:22,トリガー計測
,,,04/09 22:21:05,トリガー計測
,,,04/09 22:22:56,トリガー計測
,,,04/09 23:08:14,掘進開始
,,,04/09 23:10:04,トリガー計測
,,,04/09 23:12:07,トリガー計測
,,,04/09 23:16:15,トリガー計測
,,,04/09 23:18:18,トリガー計測
,,,04/09 23:20:08,掘進終了(tmp)
,,,04/09 23:46:53,掘進開始
,,,04/09 23:48:32,トリガー計測
,,,04/09 23:50:17,トリガー計測
,,,04/09 23:53:54,トリガー計測
,,,04/09 23:55:46,トリガー計測
,,,04/09 23:58:36,掘進終了
,,,04/10 00:24:13,掘進開始
,,,04/10 00:25:55,トリガー計測
,,,04/10 00:27:44,トリガー計測
,,,04/10 00:31:17,トリガー計測
,,,04/10 00:33:08,トリガー計測
,,,04/10 00:36:03,掘進終了(tmp)
,,,04/10 01:12:59,掘進開始
,,,04/10 01:14:56,トリガー計測
,,,04/10 01:16:46,トリガー計測
,,,04/10 01:20:35,トリガー計測
,,,04/10 01:22:37,トリガー計測
,,,04/10 01:25:20,掘進終了(tmp)
,,,04/10 02:03:34,掘進開始
,,,04/10 02:05:30,トリガー計測
,,,04/10 02:07:38,トリガー計測
,,,04/10 02:12:11,トリガー計測
,,,04/10 02:14:29,トリガー計測
,,,04/10 02:17:20,掘進終了
,,,04/10 10:03:10,掘進開始
,,,04/10 10:05:04,トリガー計測
,,,04/10 10:07:08,トリガー計測
,,,04/10 10:11:47,トリガー計測
,,,04/10 10:13:45,トリガー計測
,,,04/10 10:16:49,掘進終了(tmp)
,,,04/10 11:28:23,掘進開始
,,,04/10 11:30:47,トリガー計測
,,,04/10 11:33:19,トリガー計測
,,,04/10 11:38:04,トリガー計測
,,,04/10 11:40:12,トリガー計測
,,,04/10 12:42:55,掘進開始
,,,04/10 12:48:56,トリガー計測
,,,04/10 12:51:04,トリガー計測
,,,04/10 12:55:07,トリガー計測
,,,04/10 12:57:02,トリガー計測
,,,04/10 13:53:54,掘進開始
,,,04/10 13:55:41,トリガー計測
,,,04/10 15:48:28,トリガー計測
,,,04/10 15:52:21,トリガー計測
,,,04/10 15:54:22,トリガー計測
,,,04/10 15:56:56,掘進終了
,,,04/10 21:52:35,掘進開始
,,,04/10 22:00:30,トリガー計測
,,,04/10 22:02:19,トリガー計測
,,,04/10 22:23:20,トリガー計測
,,,04/10 22:25:23,トリガー計測
,,,04/10 22:56:19,掘進開始
,,,04/10 22:58:11,トリガー計測
,,,04/10 23:00:37,トリガー計測
,,,04/10 23:04:17,トリガー計測
,,,04/10 23:05:54,トリガー計測
,,,04/10 23:07:45,掘進終了
,,,04/10 23:32:19,掘進開始
,,,04/10 23:34:10,トリガー計測
,,,04/10 23:35:51,トリガー計測
,,,04/10 23:39:20,トリガー計測
,,,04/10 23:41:08,トリガー計測
,,,04/10 23:44:29,掘進終了(tmp)
,,,04/11 00:14:50,掘進開始
,,,04/11 00:16:36,トリガー計測
,,,04/11 00:18:20,トリガー計測
,,,04/11 00:21:47,トリガー計測
,,,04/11 00:23:33,トリガー計測
,,,04/11 00:26:06,掘進終了
,,,04/11 00:49:30,掘進開始
,,,04/11 00:51:06,トリガー計測
,,,04/11 00:52:38,トリガー計測
,,,04/11 00:55:31,トリガー計測
,,,04/11 00:57:01,トリガー計測
,,,04/11 00:59:14,掘進終了(tmp)
,,,04/11 01:50:04,掘進開始
,,,04/11 01:51:46,トリガー計測
,,,04/11 01:53:42,トリガー計測
,,,04/11 01:58:01,トリガー計測
,,,04/11 02:00:10,トリガー計測
,,,04/11 02:04:03,掘進終了(tmp)
,,,04/11 02:28:32,掘進開始
,,,04/11 02:30:45,トリガー計測
,,,04/11 02:32:55,トリガー計測
,,,04/11 02:37:11,トリガー計測
,,,04/11 02:39:18,トリガー計測
,,,04/11 02:42:11,掘進終了(tmp)
,,,04/11 08:46:42,掘進開始
,,,04/11 08:48:52,トリガー計測
,,,04/11 08:51:03,トリガー計測
,,,04/11 08:55:21,トリガー計測
,,,04/11 08:57:22,トリガー計測
,,,04/11 09:00:30,掘進終了
,,,04/11 09:36:36,掘進開始
,,,04/11 09:38:42,トリガー計測
,,,04/11 09:41:06,トリガー計測
,,,04/11 09:45:45,トリガー計測
,,,04/11 09:48:09,トリガー計測
,,,04/11 11:31:18,掘進開始
,,,04/11 11:33:40,トリガー計測
,,,04/11 11:35:58,トリガー計測
,,,04/11 11:40:38,トリガー計測
,,,04/11 11:42:58,トリガー計測
,,,04/11 11:46:00,掘進終了
,,,04/11 13:12:04,掘進開始
,,,04/11 13:14:28,トリガー計測
,,,04/11 13:16:46,トリガー計測
,,,04/11 13:21:05,トリガー計測
,,,04/11 13:23:22,トリガー計測
,,,04/11 13:53:45,掘進開始
,,,04/11 13:55:57,トリガー計測
,,,04/11 13:58:12,トリガー計測
,,,04/11 14:02:07,トリガー計測
,,,04/11 14:03:58,トリガー計測
,,,04/11 14:34:04,掘進開始
,,,04/11 14:35:58,トリガー計測
,,,04/11 14:37:55,トリガー計測
,,,04/11 14:41:36,トリガー計測
,,,04/11 14:43:34,トリガー計測
,,,04/11 15:12:37,掘進開始
,,,04/11 15:14:44,トリガー計測
,,,04/11 15:17:30,トリガー計測
,,,04/11 15:21:23,トリガー計測
,,,04/11 15:23:18,トリガー計測
,,,04/15 23:11:11,掘進開始
,,,04/15 23:13:11,トリガー計測
,,,04/15 23:15:20,トリガー計測
,,,04/15 23:20:15,トリガー計測
,,,04/15 23:22:29,トリガー計測
,,,04/15 23:25:10,掘進終了
,,,04/15 23:59:07,掘進開始
,,,04/16 00:01:49,トリガー計測
,,,04/16 00:03:37,トリガー計測
,,,04/16 00:07:30,トリガー計測
,,,04/16 00:10:31,トリガー計測
,,,04/16 00:46:11,掘進開始
,,,04/16 00:48:25,トリガー計測
,,,04/16 01:10:12,トリガー計測
,,,04/16 01:14:36,トリガー計測
,,,04/16 01:53:08,掘進開始
,,,04/16 01:55:15,トリガー計測
,,,04/16 01:57:29,トリガー計測
,,,04/16 02:02:16,トリガー計測
,,,04/16 02:04:30,トリガー計測
,,,04/16 02:07:08,掘進終了
,,,04/16 02:43:07,掘進開始
,,,04/16 02:45:25,トリガー計測
,,,04/16 02:47:39,トリガー計測
,,,04/16 02:52:12,トリガー計測
,,,04/16 02:54:29,トリガー計測
,,,04/16 03:38:18,掘進開始
,,,04/16 03:40:30,トリガー計測
,,,04/16 03:42:30,トリガー計測
,,,04/16 03:48:11,トリガー計測
,,,04/16 03:50:51,掘進終了
,,,04/16 03:54:55,掘進終了
,,,04/16 11:17:11,掘進開始
,,,04/16 11:19:43,トリガー計測
,,,04/16 11:22:07,トリガー計測
,,,04/16 11:26:58,トリガー計測
,,,04/16 11:29:33,トリガー計測
,,,04/16 11:58:06,掘進開始
,,,04/16 12:00:18,トリガー計測
,,,04/16 12:02:34,トリガー計測
,,,04/16 12:07:20,トリガー計測
,,,04/16 12:09:42,トリガー計測
,,,04/16 12:12:26,掘進終了
,,,04/16 12:34:37,掘進開始
,,,04/16 12:36:51,トリガー計測
,,,04/16 12:39:09,トリガー計測
,,,04/16 12:43:53,トリガー計測
,,,04/16 12:46:13,トリガー計測
,,,04/16 12:49:04,掘進終了
,,,04/16 13:20:46,掘進開始
,,,04/16 13:23:23,トリガー計測
,,,04/16 13:25:35,トリガー計測
,,,04/16 13:30:02,トリガー計測
,,,04/16 13:32:18,トリガー計測
,,,04/16 13:35:29,掘進終了
,,,04/16 14:06:45,掘進開始
,,,04/16 14:08:58,トリガー計測
,,,04/16 14:11:21,トリガー計測
,,,04/16 14:15:47,トリガー計測
,,,04/16 14:18:03,トリガー計測
,,,04/16 14:21:35,掘進終了(tmp)
,,,04/16 15:00:01,掘進開始
,,,04/16 15:02:10,トリガー計測
,,,04/16 15:04:18,トリガー計測
,,,04/16 15:08:47,トリガー計測
,,,04/16 15:11:26,トリガー計測
,,,04/16 15:15:04,掘進終了(tmp)
,,,04/16 15:44:12,掘進開始
,,,04/16 15:46:23,トリガー計測
,,,04/16 15:48:41,トリガー計測
,,,04/16 15:53:02,トリガー計測
,,,04/16 15:55:09,トリガー計測
,,,04/16 15:58:25,掘進終了
,,,04/16 20:37:50,掘進開始
,,,04/16 20:39:55,トリガー計測
,,,04/16 20:42:24,トリガー計測
,,,04/16 20:46:54,トリガー計測
,,,04/16 20:49:03,トリガー計測
,,,04/16 20:52:30,掘進終了
,,,04/16 21:18:20,掘進開始
,,,04/16 21:20:29,トリガー計測
,,,04/16 21:22:40,トリガー計測
,,,04/16 21:27:05,トリガー計測
,,,04/16 21:29:22,トリガー計測
,,,04/16 22:19:19,掘進開始
,,,04/16 22:21:30,トリガー計測
,,,04/16 22:23:44,トリガー計測
,,,04/16 22:27:47,トリガー計測
,,,04/16 22:29:50,トリガー計測
,,,04/16 23:18:49,掘進開始
,,,04/16 23:20:46,トリガー計測
,,,04/16 23:22:44,トリガー計測
,,,04/16 23:26:34,トリガー計測
,,,04/16 23:28:22,トリガー計測
,,,04/17 00:05:36,掘進開始
,,,04/17 00:09:00,トリガー計測
,,,04/17 00:10:51,トリガー計測
,,,04/17 00:16:37,トリガー計測
,,,04/17 00:54:11,掘進開始
,,,04/17 00:57:47,トリガー計測
,,,04/17 00:59:44,トリガー計測
,,,04/17 01:03:43,トリガー計測
,,,04/17 01:05:52,トリガー計測
,,,04/17 02:01:57,掘進開始
,,,04/17 02:03:22,トリガー計測
,,,04/17 02:05:28,トリガー計測
,,,04/17 02:10:30,トリガー計測
,,,04/17 02:13:12,トリガー計測
,,,04/17 02:17:12,掘進終了(tmp)
,,,04/17 09:20:34,掘進開始
,,,04/17 09:22:46,トリガー計測
,,,04/17 09:24:56,トリガー計測
,,,04/17 09:29:44,トリガー計測
,,,04/17 09:32:16,トリガー計測
,,,04/17 10:06:28,掘進開始
,,,04/17 10:09:10,トリガー計測
,,,04/17 10:11:11,トリガー計測
,,,04/17 10:15:11,トリガー計測
,,,04/17 10:17:12,トリガー計測
,,,04/17 10:20:30,掘進終了(tmp)
,,,04/17 10:55:25,掘進開始
,,,04/17 10:57:10,トリガー計測
,,,04/17 10:59:09,トリガー計測
,,,04/17 11:03:23,トリガー計測
,,,04/17 11:05:32,トリガー計測
,,,04/17 11:08:18,掘進終了(tmp)
,,,04/17 11:40:22,掘進開始
,,,04/17 11:58:40,トリガー計測
,,,04/17 12:00:57,トリガー計測
,,,04/17 12:06:02,トリガー計測
,,,04/17 12:08:21,トリガー計測
,,,04/17 12:12:46,掘進終了(tmp)
,,,04/17 12:46:13,掘進開始
,,,04/17 12:48:18,トリガー計測
,,,04/17 12:50:18,トリガー計測
,,,04/17 12:54:13,トリガー計測
,,,04/17 12:56:14,トリガー計測
,,,04/17 12:59:31,掘進終了(tmp)
,,,04/17 13:47:21,掘進開始
,,,04/17 13:49:26,トリガー計測
,,,04/17 13:51:24,トリガー計測
,,,04/17 13:55:49,トリガー計測
,,,04/17 13:58:00,トリガー計測
,,,04/17 14:33:07,掘進開始
,,,04/17 14:35:26,トリガー計測
,,,04/17 14:37:53,トリガー計測
,,,04/17 14:42:36,トリガー計測
,,,04/17 14:45:16,トリガー計測
,,,04/17 14:49:21,掘進終了(tmp)
,,,04/17 15:31:35,掘進開始
,,,04/17 15:33:48,トリガー計測
,,,04/17 15:36:09,トリガー計測
,,,04/17 15:41:05,トリガー計測
,,,04/17 20:58:06,掘進開始
,,,04/17 20:59:54,トリガー計測
,,,04/17 21:01:59,トリガー計測
,,,04/17 21:06:31,トリガー計測
,,,04/17 21:09:04,トリガー計測
,,,04/17 21:45:53,掘進開始
,,,04/17 21:48:38,トリガー計測
,,,04/17 21:51:19,トリガー計測
,,,04/17 21:56:21,トリガー計測
,,,04/17 21:59:36,トリガー計測
,,,04/17 22:34:08,掘進開始
,,,04/17 22:36:21,トリガー計測
,,,04/17 22:38:44,トリガー計測
,,,04/17 22:43:43,トリガー計測
,,,04/17 22:46:57,トリガー計測
,,,04/17 23:26:15,掘進開始
,,,04/17 23:29:12,トリガー計測
,,,04/17 23:31:40,トリガー計測
,,,04/17 23:36:38,トリガー計測
,,,04/17 23:38:28,トリガー計測
,,,04/18 00:32:24,掘進開始
,,,04/18 00:34:12,トリガー計測
,,,04/18 00:36:05,トリガー計測
,,,04/18 00:41:04,トリガー計測
,,,04/18 00:43:45,トリガー計測
,,,04/18 01:17:34,掘進開始
,,,04/18 01:19:52,トリガー計測
,,,04/18 01:22:17,トリガー計測
,,,04/18 01:27:57,トリガー計測
,,,04/18 01:30:24,トリガー計測
,,,04/18 02:08:31,掘進開始
,,,04/18 02:10:36,トリガー計測
,,,04/18 02:12:44,トリガー計測
,,,04/18 02:17:20,トリガー計測
,,,04/18 02:20:58,トリガー計測
,,,04/18 03:08:49,掘進開始
,,,04/18 03:11:10,トリガー計測
,,,04/18 10:29:20,トリガー計測
,,,04/18 10:33:33,トリガー計測
,,,04/18 10:35:32,トリガー計測
,,,04/18 12:10:39,掘進開始
,,,04/18 12:13:01,トリガー計測
,,,04/18 12:15:06,トリガー計測
,,,04/18 12:19:37,トリガー計測
,,,04/18 12:21:45,トリガー計測
,,,04/18 18:43:50,座標エントリ
,,,04/19 03:09:35,掘進終了
,,,04/22 15:57:23,掘進開始
,,,04/22 16:00:02,トリガー計測
,,,04/22 16:05:01,トリガー計測
,,,04/22 20:49:25,トリガー計測
,,,04/22 20:52:03,トリガー計測
,,,04/22 21:27:08,トリガー計測
,,,04/22 21:31:13,掘進終了
,,,04/23 00:16:42,掘進開始
,,,04/23 00:18:45,トリガー計測
,,,04/23 00:20:46,トリガー計測
,,,04/23 00:25:07,トリガー計測
,,,04/23 00:27:32,トリガー計測
,,,04/23 01:11:19,トリガー計測
,,,04/23 01:15:02,掘進終了
,,,04/23 08:49:43,掘進開始
,,,04/23 08:51:54,トリガー計測
,,,04/23 08:54:43,トリガー計測
,,,04/23 09:01:34,トリガー計測
,,,04/23 09:10:32,トリガー計測
,,,04/23 10:46:56,トリガー計測
,,,04/23 10:52:07,掘進終了
,,,04/23 12:07:46,掘進終了(confirm)
,,,04/23 17:57:02,座標エントリ時計測
,,,04/23 17:57:34,座標エントリ時計測
,,,04/24 00:20:38,掘進開始
,,,04/24 00:53:00,トリガー計測
,,,04/24 00:56:21,トリガー計測
,,,04/24 01:01:47,トリガー計測
,,,04/24 01:04:19,トリガー計測
,,,04/24 02:28:40,トリガー計測
,,,04/24 02:36:34,掘進終了
,,,04/24 09:35:38,掘進開始
,,,04/24 09:39:24,トリガー計測
,,,04/24 09:43:56,トリガー計測
,,,04/24 09:54:03,トリガー計測
,,,04/24 09:59:20,トリガー計測
,,,04/24 11:07:09,掘進終了
,,,04/24 23:01:10,掘進開始
,,,04/24 23:04:11,トリガー計測
,,,04/24 23:06:44,トリガー計測
,,,04/24 23:12:06,トリガー計測
,,,04/24 23:14:33,トリガー計測
,,,04/24 23:56:07,トリガー計測
,,,04/25 02:37:08,掘進開始
,,,04/25 02:39:50,トリガー計測
,,,04/25 02:42:23,トリガー計測
,,,04/25 22:01:26,トリガー計測
,,,04/25 22:08:28,トリガー計測
,,,04/25 22:38:52,トリガー計測
,,,04/25 22:41:33,掘進終了
,,,04/26 00:22:41,掘進開始
,,,04/26 00:24:58,トリガー計測
,,,04/26 00:32:02,トリガー計測
,,,04/26 01:22:19,トリガー計測
,,,04/26 01:25:49,トリガー計測
,,,04/26 02:03:23,トリガー計測
,,,04/26 02:06:22,掘進終了
